identificador_interno,expediente,fecha_presentacion,tipo,titulo_proyecto,titulo_oficial,resumen,area_tematica,autoria_sistema,firmantes_verificados,noticia_ya_existente,id_noticia_existente,id_noticia_publicada,titulo_periodistico_propuesto,bajada_propuesta,imagen_propuesta,fuente_imagen,url_proyecto,url_expediente,estado_generacion,estado_publicacion,observaciones
EXP-19669,19669,2026-03-11,Proyecto de Ley,Asistencia económica para trabajadores cesanteados de Alal,Crea el Régimen Extraordinario de Asistencia Económica Transitoria para trabajadores cesanteados de Emilio Alal SACIFI.,"Propone asistencia económica para trabajadores cesanteados de Alal. La iniciativa establece un marco provincial para ordenar su aplicación, definir responsabilidades y brindar una respuesta institucional al problema abordado en el expediente. Sus mecanismos y alcances se encuentran desarrollados en el texto oficial.",Seguridad,propio,Cecilia Gortari; Emiliano Fernández; Gustavo Canteros,true,2026-03-11-asistencia-trabajadores-al-goya,2026-03-11-asistencia-trabajadores-al-goya,Impulsan una asistencia transitoria para trabajadores despedidos de Alal,Cecilia Gortari y legisladores del bloque propusieron un apoyo económico temporal para las personas cesanteadas de la firma textil en Goya y sus familias.,/assets/uploads/project-news/2026-03-11-19669-asistencia-trabajadores-alal.webp,Cecilia Gortari | Equipo editorial | Composición original para el sitio,https://hcdcorrientes.gov.ar/expedientes/19669/,https://hcdcorrientes.gov.ar/wp-content/uploads/2026/03/Expte-19669.pdf,contenido_e_imagen_validados,cargado_en_fuente,Publicación existente actualizada y conservada con su ID.
EXP-19670,19670,2026-03-11,Proyecto de Ley,Programa de desendeudamiento Alivio Corrientes,Crea el Programa Provincial de Desendeudamiento Personal y Familiar “Alivio Corrientes”.,"Propone programa de desendeudamiento Alivio Corrientes. La iniciativa establece un marco provincial para ordenar su aplicación, definir responsabilidades y brindar una respuesta institucional al problema abordado en el expediente. Sus mecanismos y alcances se encuentran desarrollados en el texto oficial.",Transparencia institucional,propio,Cecilia Gortari; Emiliano Fernández; Gustavo Canteros,true,2026-03-11-alivio-corrientes,2026-03-11-alivio-corrientes,Alivio Corrientes: proponen una salida ordenada para deudas familiares,La iniciativa impulsada por Cecilia Gortari y el bloque plantea un programa provincial para reestructurar obligaciones y acompañar a hogares sobreendeudados.,/assets/uploads/project-news/2026-03-11-19670-alivio-corrientes.webp,Cecilia Gortari | Equipo editorial | Composición original para el sitio,https://hcdcorrientes.gov.ar/expedientes/19670/,https://hcdcorrientes.gov.ar/wp-content/uploads/2026/03/Expte-19670.pdf,contenido_e_imagen_validados,cargado_en_fuente,Publicación existente actualizada y conservada con su ID.
EXP-19675,19675,2026-03-11,Proyecto de Resolución,Condiciones edilicias en escuelas rurales de Goya,Solicita al Poder Ejecutivo que garantice las condiciones de necesarias para el correcto funcionamiento del ciclo lectivo 2026 en establecimientos educativos públicos rurales de Goya,"Solicita al Poder Ejecutivo provincial que impulse medidas vinculadas con condiciones edilicias en escuelas rurales de Goya. La iniciativa procura atender la situación descripta en el expediente mediante la intervención de los organismos competentes y las acciones técnicas, administrativas o presupuestarias que correspondan.",Educación,propio,Cecilia Gortari; Emiliano Fernández; Gustavo Canteros,true,2026-03-11-cinco-proyectos-corrientes,2026-03-11-cinco-proyectos-corrientes,Piden mejorar las condiciones edilicias de las escuelas rurales de Goya,"El proyecto solicita al Poder Ejecutivo un relevamiento y respuestas para establecimientos rurales del departamento de Goya, con foco en la seguridad y el aprendizaje.",/assets/uploads/project-news/2026-03-11-19675-escuelas-rurales-goya.webp,Wikimedia Commons | Cacedi1 | CC BY-SA 4.0,https://hcdcorrientes.gov.ar/expedientes/19675/,https://hcdcorrientes.gov.ar/wp-content/uploads/2026/03/Expte-19675.pdf,contenido_e_imagen_validados,cargado_en_fuente,Publicación existente actualizada y conservada con su ID.
EXP-19680,19680,2026-03-11,Proyecto de Resolución,Señalización e iluminación de la Ruta Provincial 27,"Solicita al Poder Ejecutivo la ejecución de trabajos de demarcación, señalización e iluminación en la ruta provincial 27, en el tramo comprendido entre su intersección con la ruta nacional 12 en la localidad de Saladas y la ciudad de Goya.","Solicita al Poder Ejecutivo provincial que impulse medidas vinculadas con señalización e iluminación de la Ruta Provincial 27. La iniciativa procura atender la situación descripta en el expediente mediante la intervención de los organismos competentes y las acciones técnicas, administrativas o presupuestarias que correspondan.",Infraestructura,propio,Cecilia Gortari; Emiliano Fernández; Gustavo Canteros,false,,2026-03-11-seguridad-ruta-27,Solicitan señalización e iluminación para reforzar la seguridad en la Ruta 27,La propuesta pide intervenir puntos críticos de la Ruta Provincial 27 para mejorar la visibilidad y reducir riesgos para quienes circulan por ese corredor.,/assets/uploads/project-news/2026-03-11-19680-seguridad-ruta-27.webp,Wikimedia Commons | Lucash | CC BY-SA 3.0,https://hcdcorrientes.gov.ar/expedientes/19680/,https://hcdcorrientes.gov.ar/wp-content/uploads/2026/03/Expte-19680-1.pdf,contenido_e_imagen_validados,cargado_en_fuente,Publicación nueva cargada en la fuente del sitio.
EXP-19714,19714,2026-03-18,Proyecto de Ley,Cobertura de IOSCOR para prestaciones de identidad de género,Establece un Régimen Provincial de Garantía de Prestaciones de Salud Vinculadas a la Identidad de Género.,"Propone cobertura de IOSCOR para prestaciones de identidad de género. La iniciativa establece un marco provincial para ordenar su aplicación, definir responsabilidades y brindar una respuesta institucional al problema abordado en el expediente. Sus mecanismos y alcances se encuentran desarrollados en el texto oficial.",Salud,propio,Cecilia Gortari; Emiliano Fernández; Gustavo Canteros,false,,2026-03-18-cobertura-ioscor-identidad-genero,Proponen ampliar la cobertura del IOSCOR para prestaciones de identidad de género,El proyecto busca incorporar prestaciones vinculadas con la identidad de género a la obra social provincial y garantizar una atención integral a sus afiliados.,/assets/uploads/project-news/2026-03-18-19714-cobertura-identidad-genero.webp,Cecilia Gortari | Equipo editorial | Composición original para el sitio,https://hcdcorrientes.gov.ar/expedientes/19714/,https://hcdcorrientes.gov.ar/wp-content/uploads/2026/03/Expte-19714.pdf,contenido_e_imagen_validados,cargado_en_fuente,Publicación nueva cargada en la fuente del sitio.
EXP-19715,19715,2026-03-18,Proyecto de Ley,Acceso a salas de juego y deudores alimentarios,Modifica la ley 5448. Inhabilitación de Acceso a Establecimientos de Juego de Azar para Deudores Alimentarios.,"Propone acceso a salas de juego y deudores alimentarios. La iniciativa establece un marco provincial para ordenar su aplicación, definir responsabilidades y brindar una respuesta institucional al problema abordado en el expediente. Sus mecanismos y alcances se encuentran desarrollados en el texto oficial.",Transparencia institucional,propio,Cecilia Gortari; Emiliano Fernández; Gustavo Canteros,true,2026-03-14-proyectos-ley-deudores-ioscor,2026-03-14-proyectos-ley-deudores-ioscor,Buscan restringir el acceso a casinos a deudores alimentarios morosos,"La iniciativa propone impedir el ingreso a salas de juego a quienes figuren en el registro de deudores alimentarios, reforzando el cumplimiento de sus obligaciones.",/assets/uploads/project-news/2026-03-18-19715-deudores-alimentarios-casinos.webp,Cecilia Gortari | Equipo editorial | Composición original para el sitio,https://hcdcorrientes.gov.ar/expedientes/19715/,https://hcdcorrientes.gov.ar/wp-content/uploads/2026/03/Expte-19715.pdf,contenido_e_imagen_validados,cargado_en_fuente,Publicación existente actualizada y conservada con su ID.
EXP-19720,19720,2026-03-18,Proyecto de Declaración,Monitoreo de políticas de salud sexual y reproductiva,De interés el informe elaborado por la Fundación Derechos Humanos Equidad y Género (FUNDHEG) sobre el monitoreo de la implementación de la ley nacional 25673 -Programa Nacional de Salud Sexual y Procreación Responsable- y la ley nacional 27610 -Acceso a la Interrupción Voluntaria del Embarazo- en la Provincia de Corrientes.,"Declara de interés legislativo monitoreo de políticas de salud sexual y reproductiva. La iniciativa reconoce su relevancia social, cultural, educativa o comunitaria para la provincia y promueve su difusión institucional, de acuerdo con los antecedentes incorporados en el expediente.",Salud,propio,Cecilia Gortari; Emiliano Fernández; Gustavo Canteros,false,,2026-03-18-informe-salud-sexual-reproductiva,Proponen declarar de interés un informe sobre salud sexual y reproductiva,La declaración impulsada por Cecilia Gortari y el bloque busca visibilizar un monitoreo ciudadano sobre el acceso a prestaciones e insumos en Corrientes.,/assets/uploads/project-news/2026-03-18-19720-informe-salud-sexual.webp,Cecilia Gortari | Equipo editorial | Composición original para el sitio,https://hcdcorrientes.gov.ar/expedientes/19720/,https://hcdcorrientes.gov.ar/wp-content/uploads/2026/03/Expte-19720.pdf,contenido_e_imagen_validados,cargado_en_fuente,Publicación nueva cargada en la fuente del sitio.
EXP-19753,19753,2026-04-08,Proyecto de Resolución,Reapertura del diálogo con organizaciones docentes,"Solicita al Poder Ejecutivo, la reapertura de una instancia de diálogo y negociación colectiva con las organizaciones sindicales representativas de los docentes.","Solicita al Poder Ejecutivo provincial que impulse medidas vinculadas con reapertura del diálogo con organizaciones docentes. La iniciativa procura atender la situación descripta en el expediente mediante la intervención de los organismos competentes y las acciones técnicas, administrativas o presupuestarias que correspondan.",Educación,propio,Cecilia Gortari; Emiliano Fernández; Gustavo Canteros,true,2026-03-22-reclamo-docente-haberes-dialogo,2026-03-22-reclamo-docente-haberes-dialogo,Piden reabrir el diálogo con docentes y revisar los descuentos salariales,La resolución solicita una instancia urgente de diálogo con las organizaciones docentes y la revisión de descuentos aplicados durante el conflicto educativo.,/assets/uploads/project-news/2026-04-08-19753-dialogo-docente.webp,Cecilia Gortari | Equipo editorial | Composición original para el sitio,https://hcdcorrientes.gov.ar/expedientes/19753/,https://hcdcorrientes.gov.ar/wp-content/uploads/2026/03/Expte-19753.pdf,contenido_e_imagen_validados,cargado_en_fuente,Publicación existente actualizada y conservada con su ID.
EXP-19786,19786,2026-04-08,Proyecto de Resolución,Informe sobre Aportes del Tesoro Nacional recibidos por Corrientes,Solicita al Poder Ejecutivo informe sobre los Aportes del Tesoro Nacional (ATN) recibidos por la Provincia de Corrientes en lo que va del corriente año y su destino.,"Solicita al Poder Ejecutivo provincial información oficial sobre informe sobre Aportes del Tesoro Nacional recibidos por Corrientes. El pedido busca conocer la situación actual, las medidas adoptadas y las acciones previstas por los organismos competentes, conforme a los puntos desarrollados en el expediente.",Transparencia institucional,propio,Cecilia Gortari; Emiliano Fernández; Gustavo Canteros,false,,2026-04-08-informe-aportes-tesoro-nacional,Solicitan informes sobre los Aportes del Tesoro Nacional recibidos por Corrientes,"El pedido busca conocer los montos, fechas, criterios y destinos de los fondos nacionales transferidos a la Provincia bajo el régimen de Aportes del Tesoro Nacional.",/assets/uploads/project-news/2026-04-08-19786-informe-atn.webp,Cecilia Gortari | Equipo editorial | Composición original para el sitio,https://hcdcorrientes.gov.ar/expedientes/19786/,https://hcdcorrientes.gov.ar/wp-content/uploads/2026/04/Expte-19786.pdf,contenido_e_imagen_validados,cargado_en_fuente,Publicación nueva cargada en la fuente del sitio.
EXP-19787,19787,2026-04-08,Proyecto de Resolución,Informe sobre la situación financiera del Banco de Corrientes,"Solicita al Poder Ejecutivo que, por intermedio de los organismos competentes y de los representantes estatales ante el Banco de Corrientes S.A., remita informe detallado sobre la situación económico-financiera de la entidad.","Solicita al Poder Ejecutivo provincial información oficial sobre informe sobre la situación financiera del Banco de Corrientes. El pedido busca conocer la situación actual, las medidas adoptadas y las acciones previstas por los organismos competentes, conforme a los puntos desarrollados en el expediente.",Transparencia institucional,propio,Cecilia Gortari; Emiliano Fernández; Gustavo Canteros,false,,2026-04-08-informe-banco-corrientes,Piden información sobre la situación financiera del Banco de Corrientes,La iniciativa requiere datos institucionales y financieros para fortalecer el control legislativo sobre el banco público y resguardar su función provincial.,/assets/uploads/project-news/2026-04-08-19787-banco-corrientes.webp,Cecilia Gortari | Equipo editorial | Composición original para el sitio,https://hcdcorrientes.gov.ar/expedientes/19787/,https://hcdcorrientes.gov.ar/wp-content/uploads/2026/04/Expte-19787.pdf,contenido_e_imagen_validados,cargado_en_fuente,Publicación nueva cargada en la fuente del sitio.
EXP-19788,19788,2026-04-08,Proyecto de Ley,Protección del salario frente a débitos automáticos,Crea el Régimen de Protección de la Disponibilidad de Haberes Acreditados en Cuentas Vinculadas al Pago de Prestaciones frente a Débitos Automáticos de Tarjeta de Crédito.,"Propone protección del salario frente a débitos automáticos. La iniciativa establece un marco provincial para ordenar su aplicación, definir responsabilidades y brindar una respuesta institucional al problema abordado en el expediente. Sus mecanismos y alcances se encuentran desarrollados en el texto oficial.",Trabajo,propio,Cecilia Gortari; Emiliano Fernández; Gustavo Canteros,true,2026-04-07-proteccion-salarial-y-apid,2026-04-07-proteccion-salarial-y-apid,Impulsan proteger los salarios frente a débitos bancarios automáticos,El proyecto propone límites y mecanismos de resguardo para evitar que débitos automáticos y descuentos comprometan la disponibilidad del ingreso salarial.,/assets/uploads/project-news/2026-04-08-19788-proteccion-salario.webp,Cecilia Gortari | Equipo editorial | Composición original para el sitio,https://hcdcorrientes.gov.ar/expedientes/19788/,https://hcdcorrientes.gov.ar/wp-content/uploads/2026/04/Expte-19788.pdf,contenido_e_imagen_validados,cargado_en_fuente,Publicación existente actualizada y conservada con su ID.
EXP-19789,19789,2026-04-08,Proyecto de Ley,Asignación Provincial de Incentivo Docente,Asignación Provincial de Incentivo Docente y Garantías de Transparencia y Tutela Salarial Docente.,"Propone asignación Provincial de Incentivo Docente. La iniciativa establece un marco provincial para ordenar su aplicación, definir responsabilidades y brindar una respuesta institucional al problema abordado en el expediente. Sus mecanismos y alcances se encuentran desarrollados en el texto oficial.",Educación,propio,Cecilia Gortari; Emiliano Fernández; Gustavo Canteros,false,,2026-04-08-incentivo-docente-provincial,Proponen crear una asignación provincial de incentivo docente,La iniciativa plantea un complemento salarial provincial para sostener el ingreso de las y los docentes y reconocer su tarea en el sistema educativo correntino.,/assets/uploads/project-news/2026-04-08-19789-incentivo-docente.webp,Cecilia Gortari | Equipo editorial | Composición original para el sitio,https://hcdcorrientes.gov.ar/expedientes/19789/,https://hcdcorrientes.gov.ar/wp-content/uploads/2026/04/Expte-19789.pdf,contenido_e_imagen_validados,cargado_en_fuente,Publicación nueva cargada en la fuente del sitio.
EXP-19793,19793,2026-04-08,Proyecto de Resolución,Antecedentes meritorios en la valoración docente,"Insta al Poder Ejecutivo, a través del Ministerio de Educación y de los organismos competentes en materia de clasificación docente, evalúe e incorpore la categoría de “Antecedentes Meritorios Institucionales” en el régimen de valoración de títulos y antecedentes docentes.","Solicita al Poder Ejecutivo provincial que impulse medidas vinculadas con antecedentes meritorios en la valoración docente. La iniciativa procura atender la situación descripta en el expediente mediante la intervención de los organismos competentes y las acciones técnicas, administrativas o presupuestarias que correspondan.",Educación,propio,Cecilia Gortari; Emiliano Fernández; Gustavo Canteros,false,,2026-04-08-antecedentes-meritorios-docentes,Buscan reconocer antecedentes meritorios en la valoración docente,"La propuesta incorpora tareas pedagógicas, científicas, culturales y comunitarias al régimen de valoración, incluido el acompañamiento de cooperativas escolares.",/assets/uploads/project-news/2026-04-08-19793-valoracion-docente.webp,Cecilia Gortari | Equipo editorial | Composición original para el sitio,https://hcdcorrientes.gov.ar/expedientes/19793/,https://hcdcorrientes.gov.ar/wp-content/uploads/2026/04/Expte-19793-1.pdf,contenido_e_imagen_validados,cargado_en_fuente,Publicación nueva cargada en la fuente del sitio.
EXP-19831,19831,2026-04-15,Proyecto de Resolución,Continuidad de lotes con servicios en Goya,"Solicita al Poder Ejecutivo, que por intermedio del Instituto de Vivienda de Corrientes (INVICO), adopte medidas respecto del predio correspondiente al desarrollo de 180 lotes con servicios, del ex Programa Procrear en la ciudad de Goya.","Solicita al Poder Ejecutivo provincial que impulse medidas vinculadas con continuidad de lotes con servicios en Goya. La iniciativa procura atender la situación descripta en el expediente mediante la intervención de los organismos competentes y las acciones técnicas, administrativas o presupuestarias que correspondan.",Educación,propio,Cecilia Gortari; Emiliano Fernández; Gustavo Canteros,false,,2026-04-15-lotes-servicios-goya,Solicitan dar continuidad al programa de lotes con servicios en Goya,"El proyecto pide medidas para sostener una política de acceso al suelo urbano con infraestructura básica, destinada a familias de la ciudad de Goya.",/assets/uploads/project-news/2026-04-15-19831-lotes-servicios-goya.webp,Cecilia Gortari | Equipo editorial | Composición original para el sitio,https://hcdcorrientes.gov.ar/expedientes/19831/,https://hcdcorrientes.gov.ar/wp-content/uploads/2026/04/Expte-19831-1.pdf,contenido_e_imagen_validados,cargado_en_fuente,Publicación nueva cargada en la fuente del sitio.
EXP-19832,19832,2026-04-15,Proyecto de Ley,Transparencia informativa en carteles de obra pública,Modifica la ley 3079 – Régimen de Transparencia Informativa Mínima en Carteles de Obra Pública Provincial.,"Propone transparencia informativa en carteles de obra pública. La iniciativa establece un marco provincial para ordenar su aplicación, definir responsabilidades y brindar una respuesta institucional al problema abordado en el expediente. Sus mecanismos y alcances se encuentran desarrollados en el texto oficial.",Infraestructura,propio,Cecilia Gortari; Emiliano Fernández; Gustavo Canteros,false,,2026-04-15-transparencia-carteles-obra-publica,Proponen más transparencia en los carteles de obra pública,"La iniciativa establece información mínima y accesible en la cartelería de obras provinciales para que la ciudadanía conozca plazos, responsables y presupuesto.",/assets/uploads/project-news/2026-04-15-19832-carteles-obra-publica.webp,Cecilia Gortari | Equipo editorial | Composición original para el sitio,https://hcdcorrientes.gov.ar/expedientes/19832/,https://hcdcorrientes.gov.ar/wp-content/uploads/2026/04/Expte-19832-1.pdf,contenido_e_imagen_validados,cargado_en_fuente,Publicación nueva cargada en la fuente del sitio.
EXP-19833,19833,2026-04-15,Proyecto de Declaración,Estudio para mejorar la seguridad de la Ruta Provincial 27,"De interés el trabajo final de la carrera de Ingeniería Civil de la Universidad Nacional del Nordeste, titulado “Rehabilitación y mejoras de seguridad de la RP Nº 27, tramo: Santa Lucía – Goya”, elaborado por los ingenieros Alan Billordo Ciocchi, Ángel José Cuzziol y Ariana Rey.","Declara de interés legislativo estudio para mejorar la seguridad de la Ruta Provincial 27. La iniciativa reconoce su relevancia social, cultural, educativa o comunitaria para la provincia y promueve su difusión institucional, de acuerdo con los antecedentes incorporados en el expediente.",Infraestructura,propio,Cecilia Gortari; Emiliano Fernández; Gustavo Canteros,false,,2026-04-15-estudio-ruta-27-unne,Impulsan un estudio integral para mejorar la seguridad de la Ruta 27,La declaración reconoce un trabajo final de Ingeniería Civil de la UNNE que analiza alternativas de rehabilitación para el tramo Santa Lucía–Goya.,/assets/uploads/project-news/2026-04-15-19833-estudio-seguridad-ruta-27.webp,Cecilia Gortari | Equipo editorial | Composición original para el sitio,https://hcdcorrientes.gov.ar/expedientes/19833/,https://hcdcorrientes.gov.ar/wp-content/uploads/2026/04/Expte-19833.pdf,contenido_e_imagen_validados,cargado_en_fuente,Publicación nueva cargada en la fuente del sitio.
EXP-19834,19834,2026-04-15,Proyecto de Declaración,Proyecto Cultural Mendoza,"De interés el Proyecto Cultural “Mendoza”, revista mensual dedicada a la difusión del patrimonio histórico, literario y cultural de la provincia de Corrientes.","Declara de interés legislativo proyecto Cultural Mendoza. La iniciativa reconoce su relevancia social, cultural, educativa o comunitaria para la provincia y promueve su difusión institucional, de acuerdo con los antecedentes incorporados en el expediente.",Cultura,propio,Cecilia Gortari; Emiliano Fernández; Gustavo Canteros,false,,2026-04-15-proyecto-cultural-mendoza,Proponen reconocer el aporte comunitario del Proyecto Cultural Mendoza,"La declaración busca destacar una revista mensual dedicada a difundir la historia, la literatura y el patrimonio cultural de la provincia de Corrientes.",/assets/uploads/project-news/2026-04-15-19834-proyecto-cultural-mendoza.webp,Cecilia Gortari | Equipo editorial | Composición original para el sitio,https://hcdcorrientes.gov.ar/expedientes/19834/,https://hcdcorrientes.gov.ar/wp-content/uploads/2026/04/Expte-19834.pdf,contenido_e_imagen_validados,cargado_en_fuente,Publicación nueva cargada en la fuente del sitio.
EXP-19835,19835,2026-04-15,Proyecto de Declaración,Homenaje al veterano de Malvinas Roque Zabala,"De profundo pesar por el fallecimiento del veterano de la Guerra de Malvinas, Roque Zabala, vecino de la ciudad de Goya.","Declara de interés legislativo homenaje al veterano de Malvinas Roque Zabala. La iniciativa reconoce su relevancia social, cultural, educativa o comunitaria para la provincia y promueve su difusión institucional, de acuerdo con los antecedentes incorporados en el expediente.",Derechos Humanos,propio,Cecilia Gortari; Emiliano Fernández; Gustavo Canteros,false,,2026-04-15-homenaje-roque-zabala,Proponen homenajear al veterano de Malvinas Roque Zabala,La iniciativa expresa el pesar por su fallecimiento y reconoce una trayectoria dedicada a la memoria de Malvinas y a los derechos de los excombatientes.,/assets/uploads/project-news/2026-04-15-19835-homenaje-roque-zabala.webp,Cecilia Gortari | Equipo editorial | Composición original para el sitio,https://hcdcorrientes.gov.ar/expedientes/19835/,https://hcdcorrientes.gov.ar/wp-content/uploads/2026/04/Expte-19835.pdf,contenido_e_imagen_validados,cargado_en_fuente,Publicación nueva cargada en la fuente del sitio.
EXP-19840,19840,2026-04-15,Proyecto de Resolución,Informe sobre fondos del Decreto 369/26 para escuelas,"Solicita al Poder Ejecutivo, informe sobre la asignación, distribución, ejecución y rendición de los fondos dispuestos por el decreto 369/26, destinado al mantenimiento de edificios escolares en municipios del interior de la Provincia.","Solicita al Poder Ejecutivo provincial información oficial sobre informe sobre fondos del Decreto 369/26 para escuelas. El pedido busca conocer la situación actual, las medidas adoptadas y las acciones previstas por los organismos competentes, conforme a los puntos desarrollados en el expediente.",Educación,propio,Cecilia Gortari; Emiliano Fernández; Gustavo Canteros,false,,2026-04-15-informe-fondos-escuelas,Piden informes sobre fondos destinados a infraestructura escolar,La resolución solicita precisiones sobre la asignación y ejecución de recursos previstos para reparaciones y mejoras en establecimientos educativos provinciales.,/assets/uploads/project-news/2026-04-15-19840-fondos-infraestructura-escolar.webp,Cecilia Gortari | Equipo editorial | Composición original para el sitio,https://hcdcorrientes.gov.ar/expedientes/19840/,https://hcdcorrientes.gov.ar/wp-content/uploads/2026/04/Expte-19840-1.pdf,contenido_e_imagen_validados,cargado_en_fuente,Publicación nueva cargada en la fuente del sitio.
EXP-19841,19841,2026-04-15,Proyecto de Ley,Reforma y normalización del IOSCOR,"Reforma, Modernización y Normalización de IOSCOR.","Propone reforma y normalización del IOSCOR. La iniciativa establece un marco provincial para ordenar su aplicación, definir responsabilidades y brindar una respuesta institucional al problema abordado en el expediente. Sus mecanismos y alcances se encuentran desarrollados en el texto oficial.",Salud,propio,Cecilia Gortari; Emiliano Fernández; Gustavo Canteros,true,2026-04-13-reforma-integral-ioscor-proyecto-diputados,2026-04-13-reforma-integral-ioscor-proyecto-diputados,Cecilia Gortari impulsa una reforma integral del IOSCOR,"El proyecto propone modernizar la obra social provincial, fortalecer su transparencia y ampliar herramientas de protección para afiliados y prestadores.",/assets/uploads/project-news/2026-04-15-19841-reforma-ioscor.webp,Cecilia Gortari | Equipo editorial | Composición original para el sitio,https://hcdcorrientes.gov.ar/expedientes/19841/,https://hcdcorrientes.gov.ar/wp-content/uploads/2026/04/Expte-19841.pdf,contenido_e_imagen_validados,cargado_en_fuente,Publicación existente actualizada y conservada con su ID.
P-0067,,2026-04-22,Proyecto de Declaración,Declaración de interés: Actividad por el día de la tierra,,,Educación,propio,,false,,,Proponen declarar de interés una actividad por el Día de la Tierra,El registro del sistema identifica una iniciativa ambiental presentada el 22 de abril; su expediente y sus firmantes permanecen pendientes de verificación documental.,Earth Day nature conservation,,,,pendiente_verificacion_documental,no_publicado,Sin expediente ni fuente oficial verificable; no publicar hasta completar el dato.
EXP-19881,19881,2026-04-29,Proyecto de Resolución,Transferencias nacionales para bomberos voluntarios,"Solicita al Poder Ejecutivo Nacional que, por intermedio del Ministerio de Seguridad de la Nación, disponga la regularización, normalización y efectiva transferencia de los recursos previstos por la ley nacional 25054 -Ley del Bombero Voluntario-.","Solicita al Poder Ejecutivo provincial que impulse medidas vinculadas con transferencias nacionales para bomberos voluntarios. La iniciativa procura atender la situación descripta en el expediente mediante la intervención de los organismos competentes y las acciones técnicas, administrativas o presupuestarias que correspondan.",Seguridad,propio,Cecilia Gortari; Emiliano Fernández; Gustavo Canteros,false,,2026-04-29-fondos-bomberos-voluntarios,Reclaman las transferencias nacionales adeudadas a bomberos voluntarios,"La resolución solicita regularizar los fondos destinados a asociaciones de bomberos voluntarios, fundamentales para la respuesta ante emergencias en la provincia.",/assets/uploads/project-news/2026-04-29-19881-fondos-bomberos.webp,Cecilia Gortari | Equipo editorial | Composición original para el sitio,https://hcdcorrientes.gov.ar/expedientes/19881/,https://hcdcorrientes.gov.ar/wp-content/uploads/2026/04/Expte-19881.pdf,contenido_e_imagen_validados,cargado_en_fuente,Publicación nueva cargada en la fuente del sitio.
EXP-19882,19882,2026-04-29,Proyecto de Declaración,Homenaje póstumo al doctor Ernesto Walter Grosse,"De profundo pesar por el fallecimiento del Dr. Ernesto Walter Grosse y reconocimiento a su destacada trayectoria y valiosos aportes a la cultura, la educación y la historia de la ciudad de Goya.","Declara de interés legislativo homenaje póstumo al doctor Ernesto Walter Grosse. La iniciativa reconoce su relevancia social, cultural, educativa o comunitaria para la provincia y promueve su difusión institucional, de acuerdo con los antecedentes incorporados en el expediente.",Educación,propio,Cecilia Gortari; Emiliano Fernández; Gustavo Canteros,false,,2026-04-29-homenaje-ernesto-walter-grosse,Proponen un homenaje póstumo al doctor Ernesto Walter Grosse,"La declaración busca reconocer su trayectoria profesional y sus aportes a la historia, la educación y la cultura de la ciudad de Goya y de Corrientes.",/assets/uploads/project-news/2026-04-29-19882-homenaje-ernesto-grosse.webp,Cecilia Gortari | Equipo editorial | Composición original para el sitio,https://hcdcorrientes.gov.ar/expedientes/19882/,https://hcdcorrientes.gov.ar/wp-content/uploads/2026/04/Expte-19882.pdf,contenido_e_imagen_validados,cargado_en_fuente,Publicación nueva cargada en la fuente del sitio.
EXP-19883,19883,2026-04-29,Proyecto de Resolución,Protocolos escolares ante amenazas y hechos de violencia,"Solicita al Poder Ejecutivo que, por intermedio del Ministerio de Educación, informe sobre protocolos vigentes de prevención y actuación ante amenazas, sospecha o detección de armas y manifestaciones de violencia digital, en establecimientos educativos.","Solicita al Poder Ejecutivo provincial información oficial sobre protocolos escolares ante amenazas y hechos de violencia. El pedido busca conocer la situación actual, las medidas adoptadas y las acciones previstas por los organismos competentes, conforme a los puntos desarrollados en el expediente.",Educación,propio,Cecilia Gortari; Emiliano Fernández; Gustavo Canteros,false,,2026-04-29-protocolos-seguridad-escolar,Solicitan protocolos escolares ante amenazas y hechos de violencia,"El proyecto pide pautas claras de prevención, actuación y coordinación institucional para proteger a las comunidades educativas frente a situaciones de riesgo.",/assets/uploads/project-news/2026-04-29-19883-protocolos-seguridad-escolar.webp,Cecilia Gortari | Equipo editorial | Composición original para el sitio,https://hcdcorrientes.gov.ar/expedientes/19883/,https://hcdcorrientes.gov.ar/wp-content/uploads/2026/04/Expte-19883.pdf,contenido_e_imagen_validados,cargado_en_fuente,Publicación nueva cargada en la fuente del sitio.
EXP-19884,19884,2026-04-29,Proyecto de Resolución,Seguridad vial en el puente Paso López,"Solicita al Poder Ejecutivo, por intermedio de la Dirección Provincial de Vialidad, la urgente inspección técnica, la adopción de medidas preventivas de seguridad vial y la ejecución de un plan de intervención integral sobre el puente “Paso López” emplazado en el río Corrientes sobre RP Nº 24.","Solicita al Poder Ejecutivo provincial que impulse medidas vinculadas con seguridad vial en el puente Paso López. La iniciativa procura atender la situación descripta en el expediente mediante la intervención de los organismos competentes y las acciones técnicas, administrativas o presupuestarias que correspondan.",Infraestructura,propio,Cecilia Gortari; Emiliano Fernández; Gustavo Canteros,false,,2026-04-29-seguridad-puente-paso-lopez,Piden medidas de seguridad vial para el puente Paso López,La resolución solicita una inspección técnica y acciones preventivas ante signos de erosión en una cabecera del puente sobre el río Corriente.,/assets/uploads/project-news/2026-04-29-19884-puente-paso-lopez.webp,Cecilia Gortari | Equipo editorial | Composición original para el sitio,https://hcdcorrientes.gov.ar/expedientes/19884/,https://hcdcorrientes.gov.ar/wp-content/uploads/2026/04/Expte-19884.pdf,contenido_e_imagen_validados,cargado_en_fuente,Publicación nueva cargada en la fuente del sitio.
EXP-19931,19931,2026-05-06,Proyecto de Ley,Programa provincial de deporte inclusivo y adaptado,Programa Provincial de Promoción del Deporte Inclusivo y Adaptado para Personas con Discapacidad.,"Propone programa provincial de deporte inclusivo y adaptado. La iniciativa establece un marco provincial para ordenar su aplicación, definir responsabilidades y brindar una respuesta institucional al problema abordado en el expediente. Sus mecanismos y alcances se encuentran desarrollados en el texto oficial.",Discapacidad,propio,Cecilia Gortari; Emiliano Fernández; Gustavo Canteros,false,,2026-05-06-deporte-inclusivo-adaptado,Proponen un programa provincial de deporte inclusivo y adaptado,"La iniciativa crea herramientas para ampliar la participación deportiva de personas con discapacidad y acompañar a instituciones, atletas y familias.",/assets/uploads/project-news/2026-05-06-19931-deporte-inclusivo.webp,Cecilia Gortari | Equipo editorial | Composición original para el sitio,https://hcdcorrientes.gov.ar/expedientes/19931/,https://hcdcorrientes.gov.ar/wp-content/uploads/2026/05/Expte-19931.pdf,contenido_e_imagen_validados,cargado_en_fuente,Publicación nueva cargada en la fuente del sitio.
EXP-19966,19966,2026-05-13,Proyecto de Resolución,Alivio eléctrico para productores hortícolas y tabacaleros,"Solicita al Poder Ejecutivo que, a través de la Dirección Provincial de Energía de Corrientes (DPEC) y el Ministerio de Producción, instrumente un régimen excepcional de alivio en el pago del servicio eléctrico para pequeños productores hortícolas y tabacaleros de los departamentos de Goya, Lavalle y zonas de influencia.","Solicita al Poder Ejecutivo provincial que impulse medidas vinculadas con alivio eléctrico para productores hortícolas y tabacaleros. La iniciativa procura atender la situación descripta en el expediente mediante la intervención de los organismos competentes y las acciones técnicas, administrativas o presupuestarias que correspondan.",Infraestructura,propio,Cecilia Gortari; Emiliano Fernández; Gustavo Canteros,false,,2026-05-13-alivio-electrico-productores,Solicitan alivio eléctrico para productores hortícolas y tabacaleros,"La resolución propone un régimen excepcional y transitorio para pequeños productores de Goya, Lavalle y zonas de influencia que atraviesen una situación crítica.",/assets/uploads/project-news/2026-05-13-19966-alivio-electrico-productores.webp,Cecilia Gortari | Equipo editorial | Composición original para el sitio,https://hcdcorrientes.gov.ar/expedientes/19966/,https://hcdcorrientes.gov.ar/wp-content/uploads/2026/05/Expte-19966.pdf,contenido_e_imagen_validados,cargado_en_fuente,Publicación nueva cargada en la fuente del sitio.
EXP-19967,19967,2026-05-13,Proyecto de Resolución,Accesibilidad universal en el Palacio Legislativo,"Solicita la adopción urgente de medidas de accesibilidad universal en el ingreso al Palacio Legislativo de la provincia, para personas con discapacidad o movilidad reducida.","Solicita al Poder Ejecutivo provincial que impulse medidas vinculadas con accesibilidad universal en el Palacio Legislativo. La iniciativa procura atender la situación descripta en el expediente mediante la intervención de los organismos competentes y las acciones técnicas, administrativas o presupuestarias que correspondan.",Discapacidad,propio,Cecilia Gortari; Emiliano Fernández; Gustavo Canteros,false,,2026-05-13-accesibilidad-palacio-legislativo,Impulsan accesibilidad universal en el Palacio Legislativo,El proyecto solicita soluciones seguras y permanentes para que personas con discapacidad o movilidad reducida puedan ingresar al edificio sin barreras.,/assets/uploads/project-news/2026-05-13-19967-accesibilidad-legislatura.webp,Cecilia Gortari | Equipo editorial | Composición original para el sitio,https://hcdcorrientes.gov.ar/expedientes/19967/,https://hcdcorrientes.gov.ar/wp-content/uploads/2026/05/Expte-19967.pdf,contenido_e_imagen_validados,cargado_en_fuente,Publicación nueva cargada en la fuente del sitio.
EXP-19972,19972,2026-05-13,Proyecto de Ley,Sistema Provincial de Cobertura Sanitaria Rural,Sistema Provincial de Cobertura Sanitaria Rural.,"Propone sistema Provincial de Cobertura Sanitaria Rural. La iniciativa establece un marco provincial para ordenar su aplicación, definir responsabilidades y brindar una respuesta institucional al problema abordado en el expediente. Sus mecanismos y alcances se encuentran desarrollados en el texto oficial.",Salud,propio,Cecilia Gortari; Emiliano Fernández; Gustavo Canteros,false,,2026-05-13-cobertura-sanitaria-rural,Proponen un sistema provincial de cobertura sanitaria rural,"La iniciativa organiza una red de atención, prevención, medicamentos, comunicación y traslados para habitantes de parajes y zonas rurales de Corrientes.",/assets/uploads/project-news/2026-05-13-19972-salud-rural.webp,Cecilia Gortari | Equipo editorial | Composición original para el sitio,https://hcdcorrientes.gov.ar/expedientes/19972/,https://hcdcorrientes.gov.ar/wp-content/uploads/2026/05/Expte-19972.pdf,contenido_e_imagen_validados,cargado_en_fuente,Publicación nueva cargada en la fuente del sitio.
EXP-19981,19981,2026-05-13,Proyecto de Declaración,Adhesión a la Marcha Federal Universitaria,De adhesión y acompañamiento institucional a la Marcha Federal Universitaria del 12 de mayo de 2026 y preocupación por el desfinanciamiento del sistema universitario nacional.,"Declara de interés legislativo adhesión a la Marcha Federal Universitaria. La iniciativa reconoce su relevancia social, cultural, educativa o comunitaria para la provincia y promueve su difusión institucional, de acuerdo con los antecedentes incorporados en el expediente.",Educación,propio,Cecilia Gortari; Emiliano Fernández; Gustavo Canteros,false,,2026-05-13-marcha-federal-universitaria,Impulsan la adhesión legislativa a la Marcha Federal Universitaria,El proyecto de declaración expresa acompañamiento institucional a la movilización en defensa de la universidad pública y su financiamiento en el país.,/assets/uploads/project-news/2026-05-13-19981-marcha-universitaria.webp,Cecilia Gortari | Equipo editorial | Composición original para el sitio,https://hcdcorrientes.gov.ar/expedientes/19981/,https://hcdcorrientes.gov.ar/wp-content/uploads/2026/05/Expte-19981.pdf,contenido_e_imagen_validados,cargado_en_fuente,Publicación nueva cargada en la fuente del sitio.
EXP-20017,20017,2026-05-27,Proyecto de Resolución,Conectividad digital en zonas rurales y periurbanas,"Solicita al Poder Ejecutivo Nacional que, por intermedio del Ente Nacional de Comunicaciones (ENACOM) y de los organismos nacionales competentes, arbitre los medios necesarios para relevar, financiar y ejecutar obras de infraestructura de conectividad digital en zonas rurales, semi rurales y periurbanas de Corrientes con baja, deficiente o nula cobertura de telefonía móvil y de acceso a internet.","Solicita al Poder Ejecutivo provincial que impulse medidas vinculadas con conectividad digital en zonas rurales y periurbanas. La iniciativa procura atender la situación descripta en el expediente mediante la intervención de los organismos competentes y las acciones técnicas, administrativas o presupuestarias que correspondan.",Infraestructura,propio,Cecilia Gortari; Emiliano Fernández; Gustavo Canteros,false,,2026-05-27-conectividad-digital-rural,Piden ampliar la conectividad digital en zonas rurales y periurbanas,La resolución solicita acciones nacionales para mejorar internet y telefonía móvil en localidades y parajes correntinos con cobertura insuficiente.,/assets/uploads/project-news/2026-05-27-20017-conectividad-rural.webp,Cecilia Gortari | Equipo editorial | Composición original para el sitio,https://hcdcorrientes.gov.ar/expedientes/20017/,https://hcdcorrientes.gov.ar/wp-content/uploads/2026/05/Expte-20017.pdf,contenido_e_imagen_validados,cargado_en_fuente,Publicación nueva cargada en la fuente del sitio.
EXP-20045,20045,2026-06-03,Proyecto de Ley,Gestión y fortalecimiento de caminos rurales,"Régimen Provincial de Gestión Integral, Conservación, Mejoramiento y Fortalecimiento de Caminos Rurales y Consorcios Camineros.","Propone gestión y fortalecimiento de caminos rurales. La iniciativa establece un marco provincial para ordenar su aplicación, definir responsabilidades y brindar una respuesta institucional al problema abordado en el expediente. Sus mecanismos y alcances se encuentran desarrollados en el texto oficial.",Infraestructura,propio,Cecilia Gortari; Emiliano Fernández; Gustavo Canteros,false,,2026-06-03-caminos-rurales,Presentaron un régimen integral para fortalecer los caminos rurales,"El proyecto de ley ordena la planificación, conservación y mejora de la red rural, con participación de Vialidad, municipios y consorcios camineros.",/assets/uploads/project-news/2026-06-03-20045-caminos-rurales.webp,Cecilia Gortari | Equipo editorial | Composición original para el sitio,https://hcdcorrientes.gov.ar/expedientes/20045/,https://hcdcorrientes.gov.ar/wp-content/uploads/2026/05/Expte-20045.pdf,contenido_e_imagen_validados,cargado_en_fuente,Publicación nueva cargada en la fuente del sitio.
EXP-20046,20046,2026-06-03,Proyecto de Ley,Acompañamiento al empleo y emprendedurismo joven,"Ley de Acompañamiento al Empleo, la Formación y el Emprendedurismo Joven.","Propone acompañamiento al empleo y emprendedurismo joven. La iniciativa establece un marco provincial para ordenar su aplicación, definir responsabilidades y brindar una respuesta institucional al problema abordado en el expediente. Sus mecanismos y alcances se encuentran desarrollados en el texto oficial.",Seguridad,propio,Cecilia Gortari; Emiliano Fernández; Gustavo Canteros,false,,2026-06-03-empleo-emprendimiento-joven,"Impulsan empleo, capacitación y emprendimientos para jóvenes correntinos","La iniciativa crea un régimen provincial con formación certificada, prácticas protegidas, incentivos a la contratación y apoyo para proyectos productivos.",/assets/uploads/project-news/2026-06-03-20046-empleo-joven.webp,Cecilia Gortari | Equipo editorial | Composición original para el sitio,https://hcdcorrientes.gov.ar/expedientes/20046/,https://hcdcorrientes.gov.ar/wp-content/uploads/2026/05/Expte-20046.pdf,contenido_e_imagen_validados,cargado_en_fuente,Publicación nueva cargada en la fuente del sitio.
EXP-20051,20051,2026-06-03,Proyecto de Ley,Emergencia alimentaria escolar,Ley de Emergencia Alimentaria Escolar.,"Propone emergencia alimentaria escolar. La iniciativa establece un marco provincial para ordenar su aplicación, definir responsabilidades y brindar una respuesta institucional al problema abordado en el expediente. Sus mecanismos y alcances se encuentran desarrollados en el texto oficial.",Niñez y Adolescencia,propio,Cecilia Gortari; Emiliano Fernández; Gustavo Canteros,false,,2026-06-03-emergencia-alimentaria-escolar,Impulsan una emergencia alimentaria para proteger los comedores escolares,"El proyecto establece medidas extraordinarias de continuidad, calidad, inocuidad y control para las prestaciones alimentarias de escuelas estatales.",/assets/uploads/project-news/2026-06-03-20051-emergencia-alimentaria-escolar.webp,Cecilia Gortari | Equipo editorial | Composición original para el sitio,https://hcdcorrientes.gov.ar/expedientes/20051/,https://hcdcorrientes.gov.ar/wp-content/uploads/2026/05/Expte-20051.pdf,contenido_e_imagen_validados,cargado_en_fuente,Publicación nueva cargada en la fuente del sitio.
EXP-20074,20074,2026-06-17,Proyecto de Ley,Abogado del Niño,"Creación e Implementación de la Figura del Abogado del Niño, Niña y Adolescente en la Provincia de Corrientes.","Propone abogado del Niño. La iniciativa establece un marco provincial para ordenar su aplicación, definir responsabilidades y brindar una respuesta institucional al problema abordado en el expediente. Sus mecanismos y alcances se encuentran desarrollados en el texto oficial.",Niñez y Adolescencia,propio,Cecilia Gortari; Emiliano Fernández; Gustavo Canteros,false,,2026-06-17-abogado-del-nino,Proponen crear la figura del Abogado del Niño en Corrientes,"La iniciativa regula el patrocinio jurídico especializado de niñas, niños y adolescentes en procedimientos judiciales o administrativos que los afecten.",/assets/uploads/project-news/2026-06-17-20074-abogado-del-nino.webp,Cecilia Gortari | Equipo editorial | Composición original para el sitio,https://hcdcorrientes.gov.ar/expedientes/20074/,https://hcdcorrientes.gov.ar/wp-content/uploads/2026/06/Expte-20074.pdf,contenido_e_imagen_validados,cargado_en_fuente,Publicación nueva cargada en la fuente del sitio.
EXP-20075,20075,2026-06-17,Proyecto de Ley,Transparencia de ofertas educativas,Régimen de Transparencia de Ofertas Educativas.,"Propone transparencia de ofertas educativas. La iniciativa establece un marco provincial para ordenar su aplicación, definir responsabilidades y brindar una respuesta institucional al problema abordado en el expediente. Sus mecanismos y alcances se encuentran desarrollados en el texto oficial.",Educación,propio,Cecilia Gortari; Emiliano Fernández; Gustavo Canteros,false,,2026-06-17-transparencia-ofertas-educativas,Buscan garantizar mayor transparencia en las ofertas educativas,"El proyecto crea un registro público para verificar la validez oficial de carreras, tecnicaturas, certificaciones y otras propuestas formativas.",/assets/uploads/project-news/2026-06-17-20075-transparencia-ofertas-educativas.webp,Cecilia Gortari | Equipo editorial | Composición original para el sitio,https://hcdcorrientes.gov.ar/expedientes/20075/,https://hcdcorrientes.gov.ar/wp-content/uploads/2026/06/Expte-20075.pdf,contenido_e_imagen_validados,cargado_en_fuente,Publicación nueva cargada en la fuente del sitio.
